{"cameraMode":{"drawMode":0,"name":"Shaded","section":"Shading Mode"},"sceneLighting":true,"audioPlay":false,"sceneViewState":{"showFog":false,"showMaterialUpdate":false,"showSkybox":true,"showFlares":true,"showImageEffects":true,"showParticleSystems":true,"showVisualEffectGraphs":true,"m_FxEnabled":true},"in2DMode":false,"pivot":{"x":0.08419060707092285,"y":1.183803915977478,"z":0.24146433174610139},"rotation":{"x":-0.06570612639188767,"y":0.7059280872344971,"z":-0.06606170535087586,"w":-0.7021276354789734},"size":1.5351102352142335,"orthographic":false}